STATE,REGION_TYPE,REASON_FOR_NON_RESPONSE,RESPONSE_STATUS,HH_WEIGHT_MS,AGE_GROUP,OCCUPATION_GROUP,EDUCATION_GROUP,GENDER_GROUP,SIZE_GROUP,TOTAL_EXPENDITURE,MONTHLY_EXPENSE_ON_FOOD,MONTHLY_EXPENSE_ON_EDIBLE_OILS,MONTHLY_EXPENSE_ON_VEGETABLES_AND_WET_SPICES,MONTHLY_EXPENSE_ON_FRUITS,MONTHLY_EXPENSE_ON_MILK_AND_MILK_PRODUCTS,MONTHLY_EXPENSE_ON_SALTY_SNACKS,MONTHLY_EXPENSE_ON_HEALTH_SUPPLEMENTS,MONTHLY_EXPENSE_ON_TEA,MONTHLY_EXPENSE_ON_COFFEE,MONTHLY_EXPENSE_ON_BOTTLED_WATER,MONTHLY_EXPENSE_ON_INTOXICANTS,MONTHLY_EXPENSE_ON_CIGARETTES_AND_TOBACCO,MONTHLY_EXPENSE_ON_CLOTHING,MONTHLY_EXPENSE_ON_FOOTWEAR,MONTHLY_EXPENSE_ON_CLOTHING_ACCESSORIES,MONTHLY_EXPENSE_ON_COSMETIC_AND_TOILETRIES,MONTHLY_EXPENSE_ON_DETERGENT_BARS,MONTHLY_EXPENSE_ON_DETERGENT_LIQUIDS_AND_POWDER,MONTHLY_EXPENSE_ON_MOBILES_AND_ACCESSORIES,MONTHLY_EXPENSE_ON_RESTAURANTS,MONTHLY_EXPENSE_ON_RECREATION,MONTHLY_EXPENSE_ON_ENTERTAINMENT,MONTHLY_EXPENSE_ON_HOUSE_RENT,MONTHLY_EXPENSE_ON_WATER_CHARGES,MONTHLY_EXPENSE_ON_SOCIETY_CHARGES,MONTHLY_EXPENSE_ON_OTHER_TAXES,MONTHLY_EXPENSE_ON_POWER_AND_FUEL,MONTHLY_EXPENSE_ON_COOKING_FUEL,MONTHLY_EXPENSE_ON_ELECTRICITY,MONTHLY_EXPENSE_ON_TRANSPORT,MONTHLY_EXPENSE_ON_LANDLINE_PHONE,MONTHLY_EXPENSE_ON_CELL_PHONE,MONTHLY_EXPENSE_ON_CABLE_TV,MONTHLY_EXPENSE_ON_INTERNET,MONTHLY_EXPENSE_ON_NEWSPAPERS_AND_MAGAZINES,MONTHLY_EXPENSE_ON_EDUCATION,MONTHLY_EXPENSE_ON_SCHOOL_ACADEMIC_BOOKS,MONTHLY_EXPENSE_ON_FICTION_NON_FICTION_BOOKS,MONTHLY_EXPENSE_ON_STATIONERY,MONTHLY_EXPENSE_ON_SCHOOL_COLLEGE_FEES,MONTHLY_EXPENSE_ON_PRIVATE_TUITION_FEES,MONTHLY_EXPENSE_ON_HOBBY_CLASSES,MONTHLY_EXPENSE_ON_SCHOOL_TRANSPORT,MONTHLY_EXPENSE_ON_HEALTH,MONTHLY_EXPENSE_ON_MEDICINES,MONTHLY_EXPENSE_ON_DOCTORS_PHYSIOTHERAPISTS_FEE,MONTHLY_EXPENSE_ON_MEDICAL_TESTS,MONTHLY_EXPENSE_ON_HYGIENE_PRODUCTS,MONTHLY_EXPENSE_ON_EMI_FOR_HOUSE,MONTHLY_EXPENSE_ON_EMI_FOR_VEHICLES,MONTHLY_EXPENSE_ON_OTHER_EMIS,MONTHLY_EXPENSE_ON_DOMESTIC_HELP,MONTHLY_EXPENSE_ON_POCKET_MONEY,MONTHLY_EXPENSE_ON_PETS
Uttarakhand,RURAL,Could not be executed,Non-Response,2055.21,Data Not Available,Data Not Available,Data Not Available,Data Not Available,Data Not Available,,,,,,,,,,,,,,,,,,,,,,,,,,,,,,,,,,,,,,,,,,,,,,,,,,,,,,,
Uttar Pradesh,URBAN,Household not found,Non-Response,1242.92,Data Not Available,Data Not Available,Data Not Available,Data Not Available,Data Not Available,,,,,,,,,,,,,,,,,,,,,,,,,,,,,,,,,,,,,,,,,,,,,,,,,,,,,,,
Punjab,URBAN,Could not be executed,Non-Response,1021.35,Data Not Available,Data Not Available,Data Not Available,Data Not Available,Data Not Available,,,,,,,,,,,,,,,,,,,,,,,,,,,,,,,,,,,,,,,,,,,,,,,,,,,,,,,
Karnataka,RURAL,Could not be executed,Non-Response,2311.55,Data Not Available,Data Not Available,Data Not Available,Data Not Available,Data Not Available,,,,,,,,,,,,,,,,,,,,,,,,,,,,,,,,,,,,,,,,,,,,,,,,,,,,,,,
Maharashtra,RURAL,No Failure,Accepted,2775.5,Others households of Grown-ups,Small/Marginal Farmers,Households of all literates,Male Dominated,4 Members,48474,0,590,925,1160,1330,715,0,0,0,580,880,420,888,500,230,829,250,550,0,1500,750,450,0,0,1200,1350,1800,0,1100,1960,800,1360,180,0,600,700,0,0,540,0,0,0,0,0,1580,0,0,463,0,0,0,0,750,0
Karnataka,URBAN,No Failure,Accepted,1355.29,Grown-up - dominant,Organised Farmers,Households of all illiterates,Balanced,3 Members,64428,6910,1245,455,730,1125,0,1470,630,0,0,380,1580,0,0,330,628,50,370,800,1900,250,0,1760,620,800,0,2115,1710,0,1960,350,0,1200,0,380,1110,130,0,220,900,0,1300,0,0,1580,200,0,480,0,3500,0,0,0,1100
Andhra Pradesh,URBAN,No Failure,Accepted,1857.64,Balanced households with no Seniors,Organised Farmers,Households of some literates,Balanced,3 Members,78662,4973,1175,1400,680,1675,440,0,0,0,0,80,600,500,0,620,943,490,0,0,0,400,0,2850,0,0,0,4130,1650,1600,900,1060,630,630,900,0,1650,130,0,0,5000,0,700,0,515,1050,0,0,110,0,1300,0,550,0,0
Maharashtra,URBAN,Could not be executed,Non-Response,2613.24,Data Not Available,Data Not Available,Data Not Available,Data Not Available,Data Not Available,,,,,,,,,,,,,,,,,,,,,,,,,,,,,,,,,,,,,,,,,,,,,,,,,,,,,,,
Tamil Nadu,RURAL,No Failure,Accepted,2123.57,Seniors - dominant,Non-industrial Technical Employees,Matriculates majority household,Male Dominated,5 Members,35782,5490,420,880,525,100,0,0,485,580,0,0,575,888,300,545,0,130,525,0,0,0,0,0,0,0,0,200,0,750,0,0,999,680,0,500,1110,458,0,0,0,0,1300,1350,515,0,400,0,480,2500,0,0,0,1170,0
Delhi,URBAN,Could not be executed,Non-Response,1864.02,Data Not Available,Data Not Available,Data Not Available,Data Not Available,Data Not Available,,,,,,,,,,,,,,,,,,,,,,,,,,,,,,,,,,,,,,,,,,,,,,,,,,,,,,,
Punjab,URBAN,Could not be executed,Non-Response,1739.43,Data Not Available,Data Not Available,Data Not Available,Data Not Available,Data Not Available,,,,,,,,,,,,,,,,,,,,,,,,,,,,,,,,,,,,,,,,,,,,,,,,,,,,,,,
Jharkhand,RURAL,No Failure,Accepted,2682.62,Grown-up - dominant,Wage Labourers,Households of all literates,Balanced,3 Members,36477,0,450,0,820,3410,560,0,360,585,800,0,0,2200,0,60,410,210,385,1199,1300,0,0,3250,60,500,1350,0,1250,290,1300,0,1199,430,0,600,2800,0,260,380,700,0,500,0,1480,385,0,0,545,0,0,0,0,370,0
Andhra Pradesh,URBAN,Could not be executed,Non-Response,1908.8,Data Not Available,Data Not Available,Data Not Available,Data Not Available,Data Not Available,,,,,,,,,,,,,,,,,,,,,,,,,,,,,,,,,,,,,,,,,,,,,,,,,,,,,,,
Andhra Pradesh,URBAN,Could not be executed,Non-Response,1442.47,Data Not Available,Data Not Available,Data Not Available,Data Not Available,Data Not Available,,,,,,,,,,,,,,,,,,,,,,,,,,,,,,,,,,,,,,,,,,,,,,,,,,,,,,,
Madhya Pradesh,URBAN,Could not be executed,Non-Response,1990.26,Data Not Available,Data Not Available,Data Not Available,Data Not Available,Data Not Available,,,,,,,,,,,,,,,,,,,,,,,,,,,,,,,,,,,,,,,,,,,,,,,,,,,,,,,
Telangana,RURAL,Could not be executed,Non-Response,1605.45,Data Not Available,Data Not Available,Data Not Available,Data Not Available,Data Not Available,,,,,,,,,,,,,,,,,,,,,,,,,,,,,,,,,,,,,,,,,,,,,,,,,,,,,,,
Goa,URBAN,No Failure,Accepted,2808.18,Grown-up - dominant,Self-employed Entrepreneurs,Matriculates majority household,Male Majority,5 Members,32625,0,0,480,550,1598,445,0,260,0,260,0,365,0,0,520,1450,318,370,0,0,250,200,0,60,1000,0,4050,1130,460,840,800,0,310,0,620,1950,0,0,532,1100,0,700,1100,710,390,0,620,150,2500,0,0,0,1100,0
Gujarat,URBAN,No Failure,Accepted,1988.41,Balanced households with no Seniors,Entrepreneurs,Matriculates majority household,Male Majority,5 Members,45630,5120,1215,1450,0,1598,385,650,580,1032,0,2200,250,888,1450,620,2490,0,90,0,2100,150,200,0,0,0,0,2370,1150,780,590,0,620,310,0,350,0,120,0,240,0,0,700,1100,600,0,600,0,460,0,2200,0,0,442,0
Goa,RURAL,No Failure,Accepted,2891.02,Grown-up - dominant,Entrepreneurs,Matriculates dominated household,Balanced,4 Members,68781,6593,400,780,456,2280,180,0,365,585,600,680,0,0,190,0,943,455,525,0,550,0,50,3560,0,1200,0,200,950,2400,740,0,1400,0,0,500,1300,0,0,0,700,0,0,0,320,1050,0,0,560,6200,0,1500,0,0,0
Andhra Pradesh,URBAN,Could not be executed,Non-Response,2475.66,Data Not Available,Data Not Available,Data Not Available,Data Not Available,Data Not Available,,,,,,,,,,,,,,,,,,,,,,,,,,,,,,,,,,,,,,,,,,,,,,,,,,,,,,,
Uttar Pradesh,RURAL,No Failure,Accepted,1109.63,Grown-up - dominant,Entrepreneurs,Matriculates majority household,Male Majority,4 Members,67467,5095,0,1170,600,1990,75,600,60,0,0,405,680,450,1320,255,0,442,145,0,204,2500,0,0,370,0,0,0,1380,0,650,575,899,820,0,0,320,0,0,320,9300,1400,1300,1300,1310,1250,0,0,1125,2770,2200,0,280,738,680
Maharashtra,URBAN,Could not be executed,Non-Response,819.34,Data Not Available,Data Not Available,Data Not Available,Data Not Available,Data Not Available,,,,,,,,,,,,,,,,,,,,,,,,,,,,,,,,,,,,,,,,,,,,,,,,,,,,,,,
Uttarakhand,RURAL,Could not be executed,Non-Response,1215.31,Data Not Available,Data Not Available,Data Not Available,Data Not Available,Data Not Available,,,,,,,,,,,,,,,,,,,,,,,,,,,,,,,,,,,,,,,,,,,,,,,,,,,,,,,
Uttar Pradesh,URBAN,Could not be executed,Non-Response,1358.32,Data Not Available,Data Not Available,Data Not Available,Data Not Available,Data Not Available,,,,,,,,,,,,,,,,,,,,,,,,,,,,,,,,,,,,,,,,,,,,,,,,,,,,,,,
Karnataka,URBAN,Could not be executed,Non-Response,1636.35,Data Not Available,Data Not Available,Data Not Available,Data Not Available,Data Not Available,,,,,,,,,,,,,,,,,,,,,,,,,,,,,,,,,,,,,,,,,,,,,,,,,,,,,,,
Telangana,RURAL,Locked,Non-Response,2475.54,Data Not Available,Data Not Available,Data Not Available,Data Not Available,Data Not Available,,,,,,,,,,,,,,,,,,,,,,,,,,,,,,,,,,,,,,,,,,,,,,,,,,,,,,,
Tamil Nadu,RURAL,Could not be executed,Non-Response,2426.78,Data Not Available,Data Not Available,Data Not Available,Data Not Available,Data Not Available,,,,,,,,,,,,,,,,,,,,,,,,,,,,,,,,,,,,,,,,,,,,,,,,,,,,,,,
Uttar Pradesh,RURAL,Could not be executed,Non-Response,3454.57,Data Not Available,Data Not Available,Data Not Available,Data Not Available,Data Not Available,,,,,,,,,,,,,,,,,,,,,,,,,,,,,,,,,,,,,,,,,,,,,,,,,,,,,,,
Maharashtra,URBAN,No Failure,Accepted,2107.37,Grown-up - dominant,Entrepreneurs,Households of all literates,Male Majority,4 Members,54209,7600,465,150,590,1300,0,0,375,525,0,1600,1280,2550,0,585,955,0,265,0,720,0,0,0,0,0,0,3000,995,290,0,0,999,1300,900,600,0,350,0,532,0,0,1100,550,265,1900,0,0,260,2770,0,0,550,1200,2200
Madhya Pradesh,RURAL,No Failure,Accepted,1330.6,Others households of Grown-ups,Small/Marginal Farmers,Matriculates majority household,Female Majority,2 Members,40012,0,660,1170,0,1150,0,650,0,1032,0,0,0,888,0,215,1385,20,0,1199,460,400,0,0,350,0,0,620,1130,460,700,0,550,0,0,380,220,260,0,0,700,0,700,0,1200,930,600,0,0,0,2300,0,0,250,480
Punjab,RURAL,No Failure,Accepted,2066.94,Balanced households with no Seniors,Organised Farmers,Matriculates majority household,Male Majority,5 Members,43734,4641,590,1080,240,0,75,0,60,580,0,1300,500,2200,200,630,1489,515,170,0,200,0,0,0,1200,1200,0,2419,1150,1230,830,0,1300,180,0,620,920,320,0,550,980,0,0,0,1805,0,400,500,265,0,0,0,900,0,0
Bihar,URBAN,Could not be executed,Non-Response,1403.71,Data Not Available,Data Not Available,Data Not Available,Data Not Available,Data Not Available,,,,,,,,,,,,,,,,,,,,,,,,,,,,,,,,,,,,,,,,,,,,,,,,,,,,,,,
Puducherry,URBAN,Could not be executed,Non-Response,1929.26,Data Not Available,Data Not Available,Data Not Available,Data Not Available,Data Not Available,,,,,,,,,,,,,,,,,,,,,,,,,,,,,,,,,,,,,,,,,,,,,,,,,,,,,,,
Punjab,URBAN,No Failure,Accepted,1088.48,Grown-up - dominant,Non-industrial Technical Employees,Households of all literates,Male Majority,2 Members,47516,5222,0,1360,0,3600,400,700,0,0,0,900,550,0,0,155,1515,20,550,1199,460,400,0,3100,750,1200,0,975,970,1265,560,0,850,320,0,600,1030,320,0,0,0,1500,0,0,1100,0,0,0,110,0,1300,1500,1070,1000,0
Tamil Nadu,URBAN,No Failure,Accepted,1747.11,Others households of Grown-ups,Non-industrial Technical Employees,Matriculates majority household,Balanced,5 Members,58371,8330,850,1100,450,1180,1180,1470,285,90,420,0,1280,0,350,630,985,1040,0,0,1690,400,50,1760,0,0,0,2455,1735,600,590,0,999,470,0,0,780,350,200,180,660,600,1100,0,650,525,600,0,0,0,2200,0,0,0,680
Maharashtra,URBAN,Could not be executed,Non-Response,1618.15,Data Not Available,Data Not Available,Data Not Available,Data Not Available,Data Not Available,,,,,,,,,,,,,,,,,,,,,,,,,,,,,,,,,,,,,,,,,,,,,,,,,,,,,,,
Goa,URBAN,No Failure,Accepted,2084.68,Grown-up - dominant,White-collar Clerical Employees,Matriculates majority household,Balanced,3 Members,59219,5450,225,0,0,670,250,650,265,0,600,935,630,1300,0,380,1515,540,265,800,2100,0,0,1760,250,0,0,0,1130,780,600,0,599,200,0,680,0,0,200,400,2000,0,0,1100,1138,2950,0,0,238,5200,5500,0,0,1000,0
Tripura,RURAL,Household not found,Non-Response,1729.3,Data Not Available,Data Not Available,Data Not Available,Data Not Available,Data Not Available,,,,,,,,,,,,,,,,,,,,,,,,,,,,,,,,,,,,,,,,,,,,,,,,,,,,,,,
Uttar Pradesh,RURAL,No Failure,Accepted,1858.25,Others households of Grown-ups,Self-employed Entrepreneurs,All Graduates household,Balanced,4 Members,57649,2115,1420,900,330,3600,200,1300,135,525,1070,380,300,0,320,380,880,480,540,0,1690,0,0,0,0,0,0,2950,0,120,1020,0,1150,750,0,620,820,1100,0,580,900,600,0,0,630,42,0,0,0,0,0,1700,0,585,210
Uttar Pradesh,URBAN,No Failure,Accepted,2241.91,Grown-up - dominant,Self-employed Entrepreneurs,Households of all literates,Balanced,3 Members,56186,6210,820,550,0,1188,100,0,340,0,325,0,1200,400,2500,0,1085,550,65,0,500,250,450,3250,1200,800,0,1900,1360,500,900,0,0,0,0,620,150,1450,0,0,0,1600,0,0,893,280,0,0,545,0,0,0,1070,0,0
Punjab,RURAL,No Failure,Accepted,1625.05,Balanced households with no Seniors,Entrepreneurs,All Matriculates household,Balanced,5 Members,46394,5095,465,455,190,1780,445,650,460,580,570,1160,300,400,0,280,410,485,250,1600,660,0,200,0,250,0,0,1155,1900,480,0,0,974,400,0,350,220,350,200,670,900,0,0,0,1595,700,200,0,0,5060,1300,0,0,0,0
Uttar Pradesh,URBAN,Household not found,Non-Response,1143.47,Data Not Available,Data Not Available,Data Not Available,Data Not Available,Data Not Available,,,,,,,,,,,,,,,,,,,,,,,,,,,,,,,,,,,,,,,,,,,,,,,,,,,,,,,
Madhya Pradesh,URBAN,Could not be executed,Non-Response,2029.14,Data Not Available,Data Not Available,Data Not Available,Data Not Available,Data Not Available,,,,,,,,,,,,,,,,,,,,,,,,,,,,,,,,,,,,,,,,,,,,,,,,,,,,,,,
Haryana,RURAL,Could not be executed,Non-Response,2000.55,Data Not Available,Data Not Available,Data Not Available,Data Not Available,Data Not Available,,,,,,,,,,,,,,,,,,,,,,,,,,,,,,,,,,,,,,,,,,,,,,,,,,,,,,,
Bihar,URBAN,No Failure,Accepted,1268.94,Grown-up - dominant,Entrepreneurs,Households of all illiterates,Balanced,2 Members,61144,7250,380,480,100,1990,0,360,530,570,800,1250,1110,0,1320,135,525,0,300,1199,1000,0,50,0,560,100,1350,1000,0,1766,615,0,180,0,0,600,50,0,0,320,5000,1000,1200,0,650,375,0,0,0,0,3500,0,0,600,0
Maharashtra,RURAL,Household not found,Non-Response,1295.71,Data Not Available,Data Not Available,Data Not Available,Data Not Available,Data Not Available,,,,,,,,,,,,,,,,,,,,,,,,,,,,,,,,,,,,,,,,,,,,,,,,,,,,,,,
Uttar Pradesh,URBAN,No Failure,Accepted,1247.17,Grown-up - dominant,Organised Farmers,Households of all literates,Male Majority,4 Members,40019,5450,440,1200,456,1300,590,1300,580,0,700,650,0,450,200,0,0,100,350,1199,620,800,200,0,0,1200,0,2905,1245,710,900,0,299,0,0,500,1800,130,0,0,1150,800,800,0,265,800,0,0,110,0,0,0,0,585,0
Odisha,URBAN,Household not found,Non-Response,2771.38,Data Not Available,Data Not Available,Data Not Available,Data Not Available,Data Not Available,,,,,,,,,,,,,,,,,,,,,,,,,,,,,,,,,,,,,,,,,,,,,,,,,,,,,,,
Goa,URBAN,Could not be executed,Non-Response,2160.45,Data Not Available,Data Not Available,Data Not Available,Data Not Available,Data Not Available,,,,,,,,,,,,,,,,,,,,,,,,,,,,,,,,,,,,,,,,,,,,,,,,,,,,,,,
Karnataka,URBAN,Could not be executed,Non-Response,1402.76,Data Not Available,Data Not Available,Data Not Available,Data Not Available,Data Not Available,,,,,,,,,,,,,,,,,,,,,,,,,,,,,,,,,,,,,,,,,,,,,,,,,,,,,,,
Uttarakhand,URBAN,Could not be executed,Non-Response,1800.04,Data Not Available,Data Not Available,Data Not Available,Data Not Available,Data Not Available,,,,,,,,,,,,,,,,,,,,,,,,,,,,,,,,,,,,,,,,,,,,,,,,,,,,,,,
Uttar Pradesh,RURAL,No Failure,Accepted,1708.94,Balanced households with no Seniors,Small/Marginal Farmers,All Matriculates household,Male Majority,4 Members,44410,7102,380,855,680,620,235,0,350,0,0,0,500,1800,650,585,1735,1075,370,0,2000,0,0,0,0,1000,0,980,0,1300,440,800,0,150,0,0,150,0,0,450,0,0,1200,1350,320,0,200,0,1125,2770,0,0,550,0,0
Chhattisgarh,URBAN,Could not be executed,Non-Response,2783.08,Data Not Available,Data Not Available,Data Not Available,Data Not Available,Data Not Available,,,,,,,,,,,,,,,,,,,,,,,,,,,,,,,,,,,,,,,,,,,,,,,,,,,,,,,
Andhra Pradesh,URBAN,No Failure,Accepted,2063.36,Grown-up - dominant,Entrepreneurs,Households of all literates,Balanced,5 Members,67510,6910,540,720,600,1990,560,1300,0,585,0,935,700,2400,550,0,0,450,560,1199,600,0,0,0,0,0,0,1360,1635,2400,1080,0,0,820,0,0,210,0,0,0,0,0,0,0,630,1000,500,620,30,5060,5500,0,0,750,0
Bihar,URBAN,No Failure,Accepted,857.43,Grown-up - dominant,Non-industrial Technical Employees,Households of all literates,Male Majority,2 Members,46688,7075,525,0,0,1020,160,360,1120,160,0,80,365,500,0,0,1380,0,280,0,1400,0,200,0,0,0,0,600,950,1780,380,0,750,470,0,0,220,458,0,0,0,0,500,1300,0,220,0,620,0,0,0,1700,0,0,0
Uttar Pradesh,URBAN,No Failure,Accepted,1853.62,Balanced households with no Seniors,Small/Marginal Farmers,Matriculates majority household,Male Majority,5 Members,37543,5222,370,980,0,1890,570,700,0,0,490,1120,1280,2550,250,45,1185,540,455,0,1540,250,0,0,0,0,0,1900,0,400,129,575,0,650,0,380,1950,350,0,220,1150,1600,0,0,1400,385,500,0,260,0,0,0,0,0,0
Bihar,URBAN,No Failure,Accepted,1141.48,Grown-up - dominant,Organised Farmers,Households of all literates,Balanced,3 Members,38599,6593,200,850,0,0,370,0,290,0,570,0,0,1800,1450,1032,1898,230,0,438,300,0,0,1760,60,1200,0,2210,690,590,185,0,1360,350,0,0,1300,0,0,0,0,0,1000,0,360,500,600,0,580,0,0,0,2100,1300,0
Maharashtra,RURAL,No Failure,Accepted,1438.08,Others households of Grown-ups,Small/Marginal Farmers,Matriculates majority household,Male Dominated,4 Members,39328,5222,580,600,0,450,490,0,0,0,490,0,365,1050,1320,400,1520,100,150,1600,700,150,0,2850,1050,1000,0,1050,888,1265,129,0,0,250,0,0,1110,130,0,320,5000,0,0,300,350,220,0,0,1125,0,0,0,0,550,0
West Bengal,URBAN,Household not found,Non-Response,1919.01,Data Not Available,Data Not Available,Data Not Available,Data Not Available,Data Not Available,,,,,,,,,,,,,,,,,,,,,,,,,,,,,,,,,,,,,,,,,,,,,,,,,,,,,,,
West Bengal,URBAN,No Failure,Accepted,2777.75,Grown-up - dominant,White-collar Professional Employees,Households of all literates,Male Majority,3 Members,52675,6623,390,1965,820,1200,545,0,340,90,1100,1160,320,2800,350,530,399,520,440,445,2100,0,0,0,300,0,0,1225,1130,1600,500,0,0,580,900,0,370,0,0,700,0,1000,0,1100,1050,525,0,0,0,0,0,0,0,0,2000
Jharkhand,URBAN,Household not found,Non-Response,2476.11,Data Not Available,Data Not Available,Data Not Available,Data Not Available,Data Not Available,,,,,,,,,,,,,,,,,,,,,,,,,,,,,,,,,,,,,,,,,,,,,,,,,,,,,,,
Karnataka,URBAN,No Failure,Accepted,1854.24,Balanced households with no Seniors,Retired/Aged,Households of all literates,Male Majority,3 Members,52117,6038,920,1620,900,620,0,0,260,0,0,1480,800,2400,480,400,518,375,455,0,1350,500,1150,0,500,0,0,1753,1780,290,800,0,1500,500,0,120,210,1100,0,450,1100,0,700,0,1138,0,0,0,250,0,3500,0,0,370,900
Uttar Pradesh,RURAL,No Failure,Accepted,1370.43,Grown-up - dominant,Retired/Aged,All Matriculates household,Balanced,3 Members,64169,4850,1175,1200,500,1070,160,360,500,0,0,880,630,3600,0,520,835,1085,560,120,2000,800,0,3220,750,0,1350,2211,950,780,590,0,0,320,0,380,1900,0,0,670,660,1600,0,300,1100,0,0,0,0,0,0,0,280,0,2200
Uttarakhand,URBAN,Could not be executed,Non-Response,1346.88,Data Not Available,Data Not Available,Data Not Available,Data Not Available,Data Not Available,,,,,,,,,,,,,,,,,,,,,,,,,,,,,,,,,,,,,,,,,,,,,,,,,,,,,,,
Uttar Pradesh,URBAN,No Failure,Accepted,2125.16,Balanced households with no Seniors,Non-industrial Technical Employees,Households of all literates,Male Majority,3 Members,55479,0,440,1550,525,0,0,0,365,0,0,75,0,1500,300,0,955,342,1055,650,1060,0,1150,3560,0,0,0,0,750,440,580,0,0,820,900,0,1050,0,0,325,500,0,0,0,0,1060,0,0,470,5200,0,3300,120,1100,680
Madhya Pradesh,RURAL,No Failure,Accepted,1993.52,Others households of Grown-ups,Self-employed Entrepreneurs,Households of all literates,Balanced,5 Members,36781,5420,450,0,200,450,0,0,430,0,1100,510,300,1250,0,380,1680,242,455,0,420,0,0,0,0,0,0,0,0,650,890,0,149,430,0,225,1300,300,0,0,0,0,1100,0,1310,0,0,0,530,0,0,0,1200,1100,2050
Rajasthan,RURAL,No Failure,Accepted,2557.24,Others households of Grown-ups,Organised Farmers,All Graduates household,Male Majority,5 Members,65333,4810,400,855,260,465,400,0,390,0,700,1800,800,2700,0,263,820,0,350,438,420,0,700,0,0,500,0,2370,0,290,220,1060,550,0,1500,0,0,260,0,1180,1100,0,0,1100,400,2950,600,0,335,0,0,0,0,1200,2200
Maharashtra,RURAL,Could not be executed,Non-Response,1192.73,Data Not Available,Data Not Available,Data Not Available,Data Not Available,Data Not Available,,,,,,,,,,,,,,,,,,,,,,,,,,,,,,,,,,,,,,,,,,,,,,,,,,,,,,,
Gujarat,URBAN,Could not be executed,Non-Response,2075.64,Data Not Available,Data Not Available,Data Not Available,Data Not Available,Data Not Available,,,,,,,,,,,,,,,,,,,,,,,,,,,,,,,,,,,,,,,,,,,,,,,,,,,,,,,
Rajasthan,RURAL,No Failure,Accepted,523,Balanced households with Seniors,Non-industrial Technical Employees,Households of all literates,Male Majority,3 Members,51694,7250,1180,1450,190,0,180,0,270,0,1100,840,0,1050,300,0,955,0,265,438,1060,0,0,0,350,0,0,2455,979,275,975,0,645,300,0,500,220,350,0,0,980,0,0,0,0,120,0,0,0,0,0,0,0,1170,0
Maharashtra,RURAL,Could not be executed,Non-Response,1665.5,Data Not Available,Data Not Available,Data Not Available,Data Not Available,Data Not Available,,,,,,,,,,,,,,,,,,,,,,,,,,,,,,,,,,,,,,,,,,,,,,,,,,,,,,,
Andhra Pradesh,URBAN,Locked,Non-Response,1431.39,Data Not Available,Data Not Available,Data Not Available,Data Not Available,Data Not Available,,,,,,,,,,,,,,,,,,,,,,,,,,,,,,,,,,,,,,,,,,,,,,,,,,,,,,,
Andhra Pradesh,RURAL,No Failure,Accepted,1300.04,Others households of Grown-ups,Self-employed Entrepreneurs,Households of all literates,Male Majority,4 Members,63542,5610,0,0,456,2150,715,750,400,570,0,730,160,1500,320,1045,1450,1075,0,438,0,400,1150,0,560,0,0,2950,0,480,185,0,1500,630,0,500,0,458,0,600,9300,1000,0,1100,0,350,0,500,545,6200,2200,0,2100,825,2050
Maharashtra,URBAN,Locked,Non-Response,2326.68,Data Not Available,Data Not Available,Data Not Available,Data Not Available,Data Not Available,,,,,,,,,,,,,,,,,,,,,,,,,,,,,,,,,,,,,,,,,,,,,,,,,,,,,,,
Himachal Pradesh,URBAN,No Failure,Accepted,1299.54,Balanced households with no Seniors,Wage Labourers,Households of all literates,Male Majority,4 Members,53732,5310,550,0,525,2420,700,360,350,570,0,0,1600,2600,650,155,1610,340,300,1600,0,0,0,0,1150,100,0,3230,690,100,540,1120,645,630,0,0,0,458,0,450,2000,0,0,550,320,1060,0,0,0,0,0,0,0,0,900
Punjab,URBAN,Could not be executed,Non-Response,2638.9,Data Not Available,Data Not Available,Data Not Available,Data Not Available,Data Not Available,,,,,,,,,,,,,,,,,,,,,,,,,,,,,,,,,,,,,,,,,,,,,,,,,,,,,,,
Bihar,RURAL,No Failure,Accepted,557.79,Balanced households with no Seniors,Self-employed Entrepreneurs,Matriculates majority household,Balanced,3 Members,42668,6250,540,500,1045,1150,0,650,0,90,600,750,1900,1400,0,535,640,515,280,0,0,1200,0,0,1200,0,0,2800,0,400,300,1120,999,355,0,0,1650,0,0,0,500,1500,1300,300,0,120,600,0,463,0,0,0,0,1170,0
Tamil Nadu,RURAL,Could not be executed,Non-Response,2387.14,Data Not Available,Data Not Available,Data Not Available,Data Not Available,Data Not Available,,,,,,,,,,,,,,,,,,,,,,,,,,,,,,,,,,,,,,,,,,,,,,,,,,,,,,,
Uttar Pradesh,RURAL,Refused,Non-Response,367.23,Data Not Available,Data Not Available,Data Not Available,Data Not Available,Data Not Available,,,,,,,,,,,,,,,,,,,,,,,,,,,,,,,,,,,,,,,,,,,,,,,,,,,,,,,
Uttar Pradesh,URBAN,No Failure,Accepted,1088.59,Youngsters - dominant,Small/Marginal Farmers,Matriculates minority household,Male Dominated,3 Members,56077,5222,600,0,0,1750,490,700,0,90,570,1100,1200,0,2500,1045,628,130,385,650,1540,0,0,0,0,1000,0,3080,1780,275,1105,0,0,0,0,0,1300,1100,0,0,1500,0,1100,0,1125,130,200,0,0,5060,0,0,2100,600,0
Tamil Nadu,URBAN,No Failure,Accepted,1680.48,Grown-up - dominant,Small/Marginal Farmers,Matriculates minority household,Male Majority,7 Members,41780,4490,0,950,185,0,542,0,260,0,260,0,1600,1150,0,125,0,400,25,445,200,0,0,3220,400,0,0,2115,1130,0,0,0,500,230,0,680,0,0,0,550,0,0,0,0,1400,1060,0,0,550,0,0,0,0,1900,210
Maharashtra,URBAN,No Failure,Accepted,1700.99,Grown-up - dominant,White-collar Professional Employees,Matriculates majority household,Male Majority,4 Members,68396,6593,0,240,456,1180,435,1300,0,0,570,900,0,2200,1200,420,1145,0,480,0,600,0,450,0,500,0,0,1050,1030,745,0,1120,299,0,0,0,9700,0,0,550,700,800,0,0,200,1060,0,0,110,0,2300,1500,0,400,0
Gujarat,RURAL,No Failure,Accepted,2375.32,Others households of Grown-ups,Entrepreneurs,Households of all literates,Balanced,4 Members,44410,4392,540,1750,250,0,75,0,135,0,0,935,935,450,1450,135,1055,375,470,3000,0,500,0,0,620,1200,0,4250,720,522,560,0,0,480,900,0,1620,0,0,530,2000,1000,700,0,700,450,0,0,0,0,2200,0,0,1900,210
Bihar,RURAL,Locked,Non-Response,2382.24,Data Not Available,Data Not Available,Data Not Available,Data Not Available,Data Not Available,,,,,,,,,,,,,,,,,,,,,,,,,,,,,,,,,,,,,,,,,,,,,,,,,,,,,,,
Uttarakhand,URBAN,Household not found,Non-Response,1664.7,Data Not Available,Data Not Available,Data Not Available,Data Not Available,Data Not Available,,,,,,,,,,,,,,,,,,,,,,,,,,,,,,,,,,,,,,,,,,,,,,,,,,,,,,,
Haryana,URBAN,Could not be executed,Non-Response,2796.7,Data Not Available,Data Not Available,Data Not Available,Data Not Available,Data Not Available,,,,,,,,,,,,,,,,,,,,,,,,,,,,,,,,,,,,,,,,,,,,,,,,,,,,,,,
Uttar Pradesh,URBAN,No Failure,Accepted,1577.87,Balanced households with no Seniors,Non-industrial Technical Employees,Households of all literates,Male Majority,4 Members,51552,4490,370,450,0,1330,0,360,350,35,0,405,610,1250,500,1045,1610,0,250,1199,0,250,0,1760,250,0,0,2800,1819,460,615,0,1360,355,900,0,1650,0,0,0,0,0,0,0,1595,0,0,620,0,2770,0,1500,1200,0,210
Bihar,RURAL,Locked,Non-Response,2487.53,Data Not Available,Data Not Available,Data Not Available,Data Not Available,Data Not Available,,,,,,,,,,,,,,,,,,,,,,,,,,,,,,,,,,,,,,,,,,,,,,,,,,,,,,,
Andhra Pradesh,RURAL,Could not be executed,Non-Response,1904.57,Data Not Available,Data Not Available,Data Not Available,Data Not Available,Data Not Available,,,,,,,,,,,,,,,,,,,,,,,,,,,,,,,,,,,,,,,,,,,,,,,,,,,,,,,
Bihar,URBAN,Could not be executed,Non-Response,3243.59,Data Not Available,Data Not Available,Data Not Available,Data Not Available,Data Not Available,,,,,,,,,,,,,,,,,,,,,,,,,,,,,,,,,,,,,,,,,,,,,,,,,,,,,,,
Uttar Pradesh,URBAN,No Failure,Accepted,2581.35,Balanced households with no Seniors,Entrepreneurs,Matriculates majority household,Male Dominated,4 Members,49286,6110,525,630,900,835,75,0,485,580,0,565,815,888,320,620,0,240,300,0,1700,0,50,2840,600,1200,0,2950,970,500,225,575,299,230,0,380,492,0,0,420,700,0,800,300,750,435,0,0,100,0,0,0,0,400,0
West Bengal,RURAL,Household not found,Non-Response,1299.39,Data Not Available,Data Not Available,Data Not Available,Data Not Available,Data Not Available,,,,,,,,,,,,,,,,,,,,,,,,,,,,,,,,,,,,,,,,,,,,,,,,,,,,,,,
Gujarat,RURAL,Locked,Non-Response,2418.39,Data Not Available,Data Not Available,Data Not Available,Data Not Available,Data Not Available,,,,,,,,,,,,,,,,,,,,,,,,,,,,,,,,,,,,,,,,,,,,,,,,,,,,,,,
Tamil Nadu,URBAN,No Failure,Accepted,1249.66,Balanced households with no Seniors,Small Traders/Hawkers,Households of all literates,Female Majority,2 Members,43948,0,590,390,456,0,300,0,260,0,600,0,1280,0,2500,0,835,515,495,1199,1092,0,200,0,1200,0,0,2905,1380,1766,0,0,250,750,0,225,940,0,0,240,0,0,900,0,300,100,0,500,530,2770,0,0,0,0,2000
Chhattisgarh,RURAL,No Failure,Accepted,1358.28,Youngsters - dominant,Organised Farmers,Graduates minority household,Male Dominated,7 Members,60659,4800,430,0,0,2280,715,0,586,35,580,265,550,0,0,420,475,250,1070,120,1900,500,1150,1760,0,0,0,620,1740,1450,1105,0,0,600,0,0,700,1100,0,700,0,0,0,0,650,390,600,0,385,0,2300,0,900,800,0
Tamil Nadu,URBAN,Could not be executed,Non-Response,3227.15,Data Not Available,Data Not Available,Data Not Available,Data Not Available,Data Not Available,,,,,,,,,,,,,,,,,,,,,,,,,,,,,,,,,,,,,,,,,,,,,,,,,,,,,,,
Tripura,RURAL,No Failure,Accepted,1026.72,Balanced households with no Seniors,Entrepreneurs,Households of all literates,Male Majority,3 Members,52703,4392,430,820,490,1330,370,0,455,0,0,380,1280,0,250,0,1440,375,210,0,950,0,700,0,600,0,0,4110,1819,0,1960,1000,0,710,0,350,1030,0,0,610,5000,1400,1200,0,1100,1060,0,0,150,0,0,3300,900,370,0
Uttar Pradesh,RURAL,No Failure,Accepted,3091.38,Grown-up - dominant,Self-employed Entrepreneurs,Matriculates majority household,Male Dominated,4 Members,45876,6038,650,382,185,3410,410,650,0,580,0,80,880,0,550,280,1485,210,532,0,0,0,0,0,1150,0,0,1000,700,275,0,800,650,310,0,0,1650,300,200,0,0,0,1300,0,280,550,0,0,0,0,0,0,0,0,0
Karnataka,URBAN,No Failure,Accepted,1440.09,Others households of Grown-ups,Wage Labourers,Graduates minority household,Balanced,3 Members,62066,2870,0,1150,740,670,235,1150,260,0,700,840,0,2400,0,330,1480,242,145,0,1100,150,0,3560,0,0,0,2905,1740,1320,1300,1060,149,535,0,0,0,0,0,0,0,1000,800,300,1050,42,0,0,0,0,0,0,0,600,210
Karnataka,RURAL,No Failure,Accepted,2525.78,Grown-up - dominant,Support Staff,Households of all literates,Balanced,5 Members,62160,4270,430,0,520,100,390,0,300,0,0,230,280,1050,0,125,525,1060,220,1199,1276,0,0,0,650,500,1350,880,720,745,1060,0,600,350,0,0,505,0,0,0,5000,0,500,0,320,450,400,0,110,5200,2300,0,0,750,2200
